<?xml version="1.0" encoding="UTF-8"?>
<!-- Product Version: Vivado v2023.2 (64-bit)                                     -->
<!--                                                                              -->
<!-- Copyright 1986-2022 Xilinx, Inc. All Rights Reserved.                        -->
<!-- Copyright 2022-2023 Advanced Micro Devices, Inc. All Rights Reserved.        -->

<hwsession version="1" minor="2">
  <device name="xck26_0" gui_info="dashboard1=hw_ila_1[xck26_0/hw_ila_1/Settings=ILA_SETTINGS_1;xck26_0/hw_ila_1/Status=ILA_STATUS_1;xck26_0/hw_ila_1/Trigger Setup=ILA_TRIGGER_1;xck26_0/hw_ila_1/Waveform=ILA_WAVE_1;xck26_0/hw_ila_1/Capture Setup=ILA_CAPTURE_1;]"/>
  <ObjectList object_type="hw_device" gui_info="">
    <Object name="xck26_0" gui_info="">
      <Properties Property="FULL_PROBES.FILE" value="$_project_name_.runs/impl_1/staging_wrapper.ltx"/>
      <Properties Property="PROBES.FILE" value="$_project_name_.runs/impl_1/staging_wrapper.ltx"/>
      <Properties Property="PROGRAM.HW_BITSTREAM" value="$_project_name_.runs/impl_1/staging_wrapper.bit"/>
      <Properties Property="SLR.COUNT" value="1"/>
    </Object>
  </ObjectList>
  <ObjectList object_type="hw_ila" gui_info="">
    <Object name="" gui_info="">
      <Properties Property="CONTROL.TRIGGER_CONDITION" value="AND"/>
      <Properties Property="CORE_REFRESH_RATE_MS" value="500"/>
    </Object>
    <Object name="staging_i/system_ila_0/inst/ila_lib" gui_info="">
      <Properties Property="CONTROL.TRIGGER_CONDITION" value="AND"/>
      <Properties Property="CORE_REFRESH_RATE_MS" value="500"/>
    </Object>
  </ObjectList>
  <ObjectList object_type="hw_probe" gui_info="">
    <Object name="staging_i/system_ila_0/inst/net_slot_0_axis_tdest[3:0]" gui_info=""/>
  </ObjectList>
  <probeset name="hw project" active="false">
    <probe type="ila" busType="bus" source="netlist" spec="ILA_V2_RT">
      <probeOptions Id="DebugProbeParams">
        <Option Id="CAPTURE_COMPARE_VALUE" value="eq128&apos;hXXXX_XXXX_XXXX_XXXX_XXXX_XXXX_XXXX_XXXX"/>
        <Option Id="COMPARE_VALUE.0" value="eq128&apos;hXXXX_XXXX_XXXX_XXXX_XXXX_XXXX_XXXX_XXXX"/>
        <Option Id="DISPLAY_AS_ENUM" value="1"/>
        <Option Id="DISPLAY_HINT" value=""/>
        <Option Id="DISPLAY_RADIX" value="HEX"/>
        <Option Id="DISPLAY_VISIBILITY" value=""/>
        <Option Id="HW_ILA" value="hw_ila_1"/>
        <Option Id="LINK_TO_WAVEFORM" value="1"/>
        <Option Id="MAP" value="probe1[127:0]"/>
        <Option Id="NAME.CUSTOM" value="slot_0 : axi_mcdma_0_M_AXIS_MM2S : TDATA"/>
        <Option Id="NAME.SELECT" value="Custom"/>
        <Option Id="SOURCE" value="netlist"/>
        <Option Id="TRIGGER_COMPARE_VALUE" value="eq128&apos;hXXXX_XXXX_XXXX_XXXX_XXXX_XXXX_XXXX_XXXX"/>
        <Option Id="WAVEFORM_STYLE" value="Digital"/>
      </probeOptions>
      <nets>
        <net name="staging_i/system_ila_0/inst/net_slot_0_axis_tdata[127]"/>
        <net name="staging_i/system_ila_0/inst/net_slot_0_axis_tdata[126]"/>
        <net name="staging_i/system_ila_0/inst/net_slot_0_axis_tdata[125]"/>
        <net name="staging_i/system_ila_0/inst/net_slot_0_axis_tdata[124]"/>
        <net name="staging_i/system_ila_0/inst/net_slot_0_axis_tdata[123]"/>
        <net name="staging_i/system_ila_0/inst/net_slot_0_axis_tdata[122]"/>
        <net name="staging_i/system_ila_0/inst/net_slot_0_axis_tdata[121]"/>
        <net name="staging_i/system_ila_0/inst/net_slot_0_axis_tdata[120]"/>
        <net name="staging_i/system_ila_0/inst/net_slot_0_axis_tdata[119]"/>
        <net name="staging_i/system_ila_0/inst/net_slot_0_axis_tdata[118]"/>
        <net name="staging_i/system_ila_0/inst/net_slot_0_axis_tdata[117]"/>
        <net name="staging_i/system_ila_0/inst/net_slot_0_axis_tdata[116]"/>
        <net name="staging_i/system_ila_0/inst/net_slot_0_axis_tdata[115]"/>
        <net name="staging_i/system_ila_0/inst/net_slot_0_axis_tdata[114]"/>
        <net name="staging_i/system_ila_0/inst/net_slot_0_axis_tdata[113]"/>
        <net name="staging_i/system_ila_0/inst/net_slot_0_axis_tdata[112]"/>
        <net name="staging_i/system_ila_0/inst/net_slot_0_axis_tdata[111]"/>
        <net name="staging_i/system_ila_0/inst/net_slot_0_axis_tdata[110]"/>
        <net name="staging_i/system_ila_0/inst/net_slot_0_axis_tdata[109]"/>
        <net name="staging_i/system_ila_0/inst/net_slot_0_axis_tdata[108]"/>
        <net name="staging_i/system_ila_0/inst/net_slot_0_axis_tdata[107]"/>
        <net name="staging_i/system_ila_0/inst/net_slot_0_axis_tdata[106]"/>
        <net name="staging_i/system_ila_0/inst/net_slot_0_axis_tdata[105]"/>
        <net name="staging_i/system_ila_0/inst/net_slot_0_axis_tdata[104]"/>
        <net name="staging_i/system_ila_0/inst/net_slot_0_axis_tdata[103]"/>
        <net name="staging_i/system_ila_0/inst/net_slot_0_axis_tdata[102]"/>
        <net name="staging_i/system_ila_0/inst/net_slot_0_axis_tdata[101]"/>
        <net name="staging_i/system_ila_0/inst/net_slot_0_axis_tdata[100]"/>
        <net name="staging_i/system_ila_0/inst/net_slot_0_axis_tdata[99]"/>
        <net name="staging_i/system_ila_0/inst/net_slot_0_axis_tdata[98]"/>
        <net name="staging_i/system_ila_0/inst/net_slot_0_axis_tdata[97]"/>
        <net name="staging_i/system_ila_0/inst/net_slot_0_axis_tdata[96]"/>
        <net name="staging_i/system_ila_0/inst/net_slot_0_axis_tdata[95]"/>
        <net name="staging_i/system_ila_0/inst/net_slot_0_axis_tdata[94]"/>
        <net name="staging_i/system_ila_0/inst/net_slot_0_axis_tdata[93]"/>
        <net name="staging_i/system_ila_0/inst/net_slot_0_axis_tdata[92]"/>
        <net name="staging_i/system_ila_0/inst/net_slot_0_axis_tdata[91]"/>
        <net name="staging_i/system_ila_0/inst/net_slot_0_axis_tdata[90]"/>
        <net name="staging_i/system_ila_0/inst/net_slot_0_axis_tdata[89]"/>
        <net name="staging_i/system_ila_0/inst/net_slot_0_axis_tdata[88]"/>
        <net name="staging_i/system_ila_0/inst/net_slot_0_axis_tdata[87]"/>
        <net name="staging_i/system_ila_0/inst/net_slot_0_axis_tdata[86]"/>
        <net name="staging_i/system_ila_0/inst/net_slot_0_axis_tdata[85]"/>
        <net name="staging_i/system_ila_0/inst/net_slot_0_axis_tdata[84]"/>
        <net name="staging_i/system_ila_0/inst/net_slot_0_axis_tdata[83]"/>
        <net name="staging_i/system_ila_0/inst/net_slot_0_axis_tdata[82]"/>
        <net name="staging_i/system_ila_0/inst/net_slot_0_axis_tdata[81]"/>
        <net name="staging_i/system_ila_0/inst/net_slot_0_axis_tdata[80]"/>
        <net name="staging_i/system_ila_0/inst/net_slot_0_axis_tdata[79]"/>
        <net name="staging_i/system_ila_0/inst/net_slot_0_axis_tdata[78]"/>
        <net name="staging_i/system_ila_0/inst/net_slot_0_axis_tdata[77]"/>
        <net name="staging_i/system_ila_0/inst/net_slot_0_axis_tdata[76]"/>
        <net name="staging_i/system_ila_0/inst/net_slot_0_axis_tdata[75]"/>
        <net name="staging_i/system_ila_0/inst/net_slot_0_axis_tdata[74]"/>
        <net name="staging_i/system_ila_0/inst/net_slot_0_axis_tdata[73]"/>
        <net name="staging_i/system_ila_0/inst/net_slot_0_axis_tdata[72]"/>
        <net name="staging_i/system_ila_0/inst/net_slot_0_axis_tdata[71]"/>
        <net name="staging_i/system_ila_0/inst/net_slot_0_axis_tdata[70]"/>
        <net name="staging_i/system_ila_0/inst/net_slot_0_axis_tdata[69]"/>
        <net name="staging_i/system_ila_0/inst/net_slot_0_axis_tdata[68]"/>
        <net name="staging_i/system_ila_0/inst/net_slot_0_axis_tdata[67]"/>
        <net name="staging_i/system_ila_0/inst/net_slot_0_axis_tdata[66]"/>
        <net name="staging_i/system_ila_0/inst/net_slot_0_axis_tdata[65]"/>
        <net name="staging_i/system_ila_0/inst/net_slot_0_axis_tdata[64]"/>
        <net name="staging_i/system_ila_0/inst/net_slot_0_axis_tdata[63]"/>
        <net name="staging_i/system_ila_0/inst/net_slot_0_axis_tdata[62]"/>
        <net name="staging_i/system_ila_0/inst/net_slot_0_axis_tdata[61]"/>
        <net name="staging_i/system_ila_0/inst/net_slot_0_axis_tdata[60]"/>
        <net name="staging_i/system_ila_0/inst/net_slot_0_axis_tdata[59]"/>
        <net name="staging_i/system_ila_0/inst/net_slot_0_axis_tdata[58]"/>
        <net name="staging_i/system_ila_0/inst/net_slot_0_axis_tdata[57]"/>
        <net name="staging_i/system_ila_0/inst/net_slot_0_axis_tdata[56]"/>
        <net name="staging_i/system_ila_0/inst/net_slot_0_axis_tdata[55]"/>
        <net name="staging_i/system_ila_0/inst/net_slot_0_axis_tdata[54]"/>
        <net name="staging_i/system_ila_0/inst/net_slot_0_axis_tdata[53]"/>
        <net name="staging_i/system_ila_0/inst/net_slot_0_axis_tdata[52]"/>
        <net name="staging_i/system_ila_0/inst/net_slot_0_axis_tdata[51]"/>
        <net name="staging_i/system_ila_0/inst/net_slot_0_axis_tdata[50]"/>
        <net name="staging_i/system_ila_0/inst/net_slot_0_axis_tdata[49]"/>
        <net name="staging_i/system_ila_0/inst/net_slot_0_axis_tdata[48]"/>
        <net name="staging_i/system_ila_0/inst/net_slot_0_axis_tdata[47]"/>
        <net name="staging_i/system_ila_0/inst/net_slot_0_axis_tdata[46]"/>
        <net name="staging_i/system_ila_0/inst/net_slot_0_axis_tdata[45]"/>
        <net name="staging_i/system_ila_0/inst/net_slot_0_axis_tdata[44]"/>
        <net name="staging_i/system_ila_0/inst/net_slot_0_axis_tdata[43]"/>
        <net name="staging_i/system_ila_0/inst/net_slot_0_axis_tdata[42]"/>
        <net name="staging_i/system_ila_0/inst/net_slot_0_axis_tdata[41]"/>
        <net name="staging_i/system_ila_0/inst/net_slot_0_axis_tdata[40]"/>
        <net name="staging_i/system_ila_0/inst/net_slot_0_axis_tdata[39]"/>
        <net name="staging_i/system_ila_0/inst/net_slot_0_axis_tdata[38]"/>
        <net name="staging_i/system_ila_0/inst/net_slot_0_axis_tdata[37]"/>
        <net name="staging_i/system_ila_0/inst/net_slot_0_axis_tdata[36]"/>
        <net name="staging_i/system_ila_0/inst/net_slot_0_axis_tdata[35]"/>
        <net name="staging_i/system_ila_0/inst/net_slot_0_axis_tdata[34]"/>
        <net name="staging_i/system_ila_0/inst/net_slot_0_axis_tdata[33]"/>
        <net name="staging_i/system_ila_0/inst/net_slot_0_axis_tdata[32]"/>
        <net name="staging_i/system_ila_0/inst/net_slot_0_axis_tdata[31]"/>
        <net name="staging_i/system_ila_0/inst/net_slot_0_axis_tdata[30]"/>
        <net name="staging_i/system_ila_0/inst/net_slot_0_axis_tdata[29]"/>
        <net name="staging_i/system_ila_0/inst/net_slot_0_axis_tdata[28]"/>
        <net name="staging_i/system_ila_0/inst/net_slot_0_axis_tdata[27]"/>
        <net name="staging_i/system_ila_0/inst/net_slot_0_axis_tdata[26]"/>
        <net name="staging_i/system_ila_0/inst/net_slot_0_axis_tdata[25]"/>
        <net name="staging_i/system_ila_0/inst/net_slot_0_axis_tdata[24]"/>
        <net name="staging_i/system_ila_0/inst/net_slot_0_axis_tdata[23]"/>
        <net name="staging_i/system_ila_0/inst/net_slot_0_axis_tdata[22]"/>
        <net name="staging_i/system_ila_0/inst/net_slot_0_axis_tdata[21]"/>
        <net name="staging_i/system_ila_0/inst/net_slot_0_axis_tdata[20]"/>
        <net name="staging_i/system_ila_0/inst/net_slot_0_axis_tdata[19]"/>
        <net name="staging_i/system_ila_0/inst/net_slot_0_axis_tdata[18]"/>
        <net name="staging_i/system_ila_0/inst/net_slot_0_axis_tdata[17]"/>
        <net name="staging_i/system_ila_0/inst/net_slot_0_axis_tdata[16]"/>
        <net name="staging_i/system_ila_0/inst/net_slot_0_axis_tdata[15]"/>
        <net name="staging_i/system_ila_0/inst/net_slot_0_axis_tdata[14]"/>
        <net name="staging_i/system_ila_0/inst/net_slot_0_axis_tdata[13]"/>
        <net name="staging_i/system_ila_0/inst/net_slot_0_axis_tdata[12]"/>
        <net name="staging_i/system_ila_0/inst/net_slot_0_axis_tdata[11]"/>
        <net name="staging_i/system_ila_0/inst/net_slot_0_axis_tdata[10]"/>
        <net name="staging_i/system_ila_0/inst/net_slot_0_axis_tdata[9]"/>
        <net name="staging_i/system_ila_0/inst/net_slot_0_axis_tdata[8]"/>
        <net name="staging_i/system_ila_0/inst/net_slot_0_axis_tdata[7]"/>
        <net name="staging_i/system_ila_0/inst/net_slot_0_axis_tdata[6]"/>
        <net name="staging_i/system_ila_0/inst/net_slot_0_axis_tdata[5]"/>
        <net name="staging_i/system_ila_0/inst/net_slot_0_axis_tdata[4]"/>
        <net name="staging_i/system_ila_0/inst/net_slot_0_axis_tdata[3]"/>
        <net name="staging_i/system_ila_0/inst/net_slot_0_axis_tdata[2]"/>
        <net name="staging_i/system_ila_0/inst/net_slot_0_axis_tdata[1]"/>
        <net name="staging_i/system_ila_0/inst/net_slot_0_axis_tdata[0]"/>
      </nets>
    </probe>
    <probe type="ila" busType="bus" source="netlist" spec="ILA_V2_RT">
      <probeOptions Id="DebugProbeParams">
        <Option Id="CAPTURE_COMPARE_VALUE" value="eq4&apos;hX"/>
        <Option Id="COMPARE_VALUE.0" value="eq4&apos;hX"/>
        <Option Id="DISPLAY_AS_ENUM" value="1"/>
        <Option Id="DISPLAY_HINT" value=""/>
        <Option Id="DISPLAY_RADIX" value="HEX"/>
        <Option Id="DISPLAY_VISIBILITY" value=""/>
        <Option Id="HW_ILA" value="hw_ila_1"/>
        <Option Id="LINK_TO_WAVEFORM" value="1"/>
        <Option Id="MAP" value="probe2[3:0]"/>
        <Option Id="NAME.CUSTOM" value="slot_0 : axi_mcdma_0_M_AXIS_MM2S : TDEST"/>
        <Option Id="NAME.SELECT" value="Custom"/>
        <Option Id="SOURCE" value="netlist"/>
        <Option Id="TRIGGER_COMPARE_VALUE" value="eq4&apos;hX"/>
        <Option Id="WAVEFORM_STYLE" value="Digital"/>
      </probeOptions>
      <nets>
        <net name="staging_i/system_ila_0/inst/net_slot_0_axis_tdest[3]"/>
        <net name="staging_i/system_ila_0/inst/net_slot_0_axis_tdest[2]"/>
        <net name="staging_i/system_ila_0/inst/net_slot_0_axis_tdest[1]"/>
        <net name="staging_i/system_ila_0/inst/net_slot_0_axis_tdest[0]"/>
      </nets>
    </probe>
    <probe type="ila" busType="bus" source="netlist" spec="ILA_V2_RT">
      <probeOptions Id="DebugProbeParams">
        <Option Id="CAPTURE_COMPARE_VALUE" value="eq8&apos;hXX"/>
        <Option Id="COMPARE_VALUE.0" value="eq8&apos;hXX"/>
        <Option Id="DISPLAY_AS_ENUM" value="1"/>
        <Option Id="DISPLAY_HINT" value=""/>
        <Option Id="DISPLAY_RADIX" value="HEX"/>
        <Option Id="DISPLAY_VISIBILITY" value=""/>
        <Option Id="HW_ILA" value="hw_ila_1"/>
        <Option Id="LINK_TO_WAVEFORM" value="1"/>
        <Option Id="MAP" value="probe3[7:0]"/>
        <Option Id="NAME.CUSTOM" value="slot_0 : axi_mcdma_0_M_AXIS_MM2S : TID"/>
        <Option Id="NAME.SELECT" value="Custom"/>
        <Option Id="SOURCE" value="netlist"/>
        <Option Id="TRIGGER_COMPARE_VALUE" value="eq8&apos;hXX"/>
        <Option Id="WAVEFORM_STYLE" value="Digital"/>
      </probeOptions>
      <nets>
        <net name="staging_i/system_ila_0/inst/net_slot_0_axis_tid[7]"/>
        <net name="staging_i/system_ila_0/inst/net_slot_0_axis_tid[6]"/>
        <net name="staging_i/system_ila_0/inst/net_slot_0_axis_tid[5]"/>
        <net name="staging_i/system_ila_0/inst/net_slot_0_axis_tid[4]"/>
        <net name="staging_i/system_ila_0/inst/net_slot_0_axis_tid[3]"/>
        <net name="staging_i/system_ila_0/inst/net_slot_0_axis_tid[2]"/>
        <net name="staging_i/system_ila_0/inst/net_slot_0_axis_tid[1]"/>
        <net name="staging_i/system_ila_0/inst/net_slot_0_axis_tid[0]"/>
      </nets>
    </probe>
    <probe type="ila" busType="bus" source="netlist" spec="ILA_V2_RT">
      <probeOptions Id="DebugProbeParams">
        <Option Id="CAPTURE_COMPARE_VALUE" value="eq16&apos;hXXXX"/>
        <Option Id="COMPARE_VALUE.0" value="eq16&apos;hXXXX"/>
        <Option Id="DISPLAY_AS_ENUM" value="1"/>
        <Option Id="DISPLAY_HINT" value=""/>
        <Option Id="DISPLAY_RADIX" value="HEX"/>
        <Option Id="DISPLAY_VISIBILITY" value=""/>
        <Option Id="HW_ILA" value="hw_ila_1"/>
        <Option Id="LINK_TO_WAVEFORM" value="1"/>
        <Option Id="MAP" value="probe4[15:0]"/>
        <Option Id="NAME.CUSTOM" value="slot_0 : axi_mcdma_0_M_AXIS_MM2S : TKEEP"/>
        <Option Id="NAME.SELECT" value="Custom"/>
        <Option Id="SOURCE" value="netlist"/>
        <Option Id="TRIGGER_COMPARE_VALUE" value="eq16&apos;hXXXX"/>
        <Option Id="WAVEFORM_STYLE" value="Digital"/>
      </probeOptions>
      <nets>
        <net name="staging_i/system_ila_0/inst/net_slot_0_axis_tkeep[15]"/>
        <net name="staging_i/system_ila_0/inst/net_slot_0_axis_tkeep[14]"/>
        <net name="staging_i/system_ila_0/inst/net_slot_0_axis_tkeep[13]"/>
        <net name="staging_i/system_ila_0/inst/net_slot_0_axis_tkeep[12]"/>
        <net name="staging_i/system_ila_0/inst/net_slot_0_axis_tkeep[11]"/>
        <net name="staging_i/system_ila_0/inst/net_slot_0_axis_tkeep[10]"/>
        <net name="staging_i/system_ila_0/inst/net_slot_0_axis_tkeep[9]"/>
        <net name="staging_i/system_ila_0/inst/net_slot_0_axis_tkeep[8]"/>
        <net name="staging_i/system_ila_0/inst/net_slot_0_axis_tkeep[7]"/>
        <net name="staging_i/system_ila_0/inst/net_slot_0_axis_tkeep[6]"/>
        <net name="staging_i/system_ila_0/inst/net_slot_0_axis_tkeep[5]"/>
        <net name="staging_i/system_ila_0/inst/net_slot_0_axis_tkeep[4]"/>
        <net name="staging_i/system_ila_0/inst/net_slot_0_axis_tkeep[3]"/>
        <net name="staging_i/system_ila_0/inst/net_slot_0_axis_tkeep[2]"/>
        <net name="staging_i/system_ila_0/inst/net_slot_0_axis_tkeep[1]"/>
        <net name="staging_i/system_ila_0/inst/net_slot_0_axis_tkeep[0]"/>
      </nets>
    </probe>
    <probe type="ila" busType="net" source="netlist" spec="ILA_V2_RT">
      <probeOptions Id="DebugProbeParams">
        <Option Id="CAPTURE_COMPARE_VALUE" value="eq1&apos;bX"/>
        <Option Id="COMPARE_VALUE.0" value="eq1&apos;bX"/>
        <Option Id="DISPLAY_AS_ENUM" value="1"/>
        <Option Id="DISPLAY_HINT" value=""/>
        <Option Id="DISPLAY_RADIX" value="HEX"/>
        <Option Id="DISPLAY_VISIBILITY" value=""/>
        <Option Id="HW_ILA" value="hw_ila_1"/>
        <Option Id="LINK_TO_WAVEFORM" value="1"/>
        <Option Id="MAP" value="probe8[0]"/>
        <Option Id="NAME.CUSTOM" value="slot_0 : axi_mcdma_0_M_AXIS_MM2S : TLAST"/>
        <Option Id="NAME.SELECT" value="Custom"/>
        <Option Id="SOURCE" value="netlist"/>
        <Option Id="TRIGGER_COMPARE_VALUE" value="eq1&apos;bX"/>
        <Option Id="WAVEFORM_STYLE" value="Digital"/>
      </probeOptions>
      <nets>
        <net name="staging_i/system_ila_0/inst/net_slot_0_axis_tlast"/>
      </nets>
    </probe>
    <probe type="ila" busType="net" source="netlist" spec="ILA_V2_RT">
      <probeOptions Id="DebugProbeParams">
        <Option Id="CAPTURE_COMPARE_VALUE" value="eq1&apos;bX"/>
        <Option Id="COMPARE_VALUE.0" value="eq1&apos;bX"/>
        <Option Id="DISPLAY_AS_ENUM" value="1"/>
        <Option Id="DISPLAY_HINT" value=""/>
        <Option Id="DISPLAY_RADIX" value="HEX"/>
        <Option Id="DISPLAY_VISIBILITY" value=""/>
        <Option Id="HW_ILA" value="hw_ila_1"/>
        <Option Id="LINK_TO_WAVEFORM" value="1"/>
        <Option Id="MAP" value="probe7[0]"/>
        <Option Id="NAME.CUSTOM" value="slot_0 : axi_mcdma_0_M_AXIS_MM2S : TREADY"/>
        <Option Id="NAME.SELECT" value="Custom"/>
        <Option Id="SOURCE" value="netlist"/>
        <Option Id="TRIGGER_COMPARE_VALUE" value="eq1&apos;bX"/>
        <Option Id="WAVEFORM_STYLE" value="Digital"/>
      </probeOptions>
      <nets>
        <net name="staging_i/system_ila_0/inst/net_slot_0_axis_tready"/>
      </nets>
    </probe>
    <probe type="ila" busType="bus" source="netlist" spec="ILA_V2_RT">
      <probeOptions Id="DebugProbeParams">
        <Option Id="CAPTURE_COMPARE_VALUE" value="eq16&apos;hXXXX"/>
        <Option Id="COMPARE_VALUE.0" value="eq16&apos;hXXXX"/>
        <Option Id="DISPLAY_AS_ENUM" value="1"/>
        <Option Id="DISPLAY_HINT" value=""/>
        <Option Id="DISPLAY_RADIX" value="HEX"/>
        <Option Id="DISPLAY_VISIBILITY" value=""/>
        <Option Id="HW_ILA" value="hw_ila_1"/>
        <Option Id="LINK_TO_WAVEFORM" value="1"/>
        <Option Id="MAP" value="probe5[15:0]"/>
        <Option Id="NAME.CUSTOM" value="slot_0 : axi_mcdma_0_M_AXIS_MM2S : TUSER"/>
        <Option Id="NAME.SELECT" value="Custom"/>
        <Option Id="SOURCE" value="netlist"/>
        <Option Id="TRIGGER_COMPARE_VALUE" value="eq16&apos;hXXXX"/>
        <Option Id="WAVEFORM_STYLE" value="Digital"/>
      </probeOptions>
      <nets>
        <net name="staging_i/system_ila_0/inst/net_slot_0_axis_tuser[15]"/>
        <net name="staging_i/system_ila_0/inst/net_slot_0_axis_tuser[14]"/>
        <net name="staging_i/system_ila_0/inst/net_slot_0_axis_tuser[13]"/>
        <net name="staging_i/system_ila_0/inst/net_slot_0_axis_tuser[12]"/>
        <net name="staging_i/system_ila_0/inst/net_slot_0_axis_tuser[11]"/>
        <net name="staging_i/system_ila_0/inst/net_slot_0_axis_tuser[10]"/>
        <net name="staging_i/system_ila_0/inst/net_slot_0_axis_tuser[9]"/>
        <net name="staging_i/system_ila_0/inst/net_slot_0_axis_tuser[8]"/>
        <net name="staging_i/system_ila_0/inst/net_slot_0_axis_tuser[7]"/>
        <net name="staging_i/system_ila_0/inst/net_slot_0_axis_tuser[6]"/>
        <net name="staging_i/system_ila_0/inst/net_slot_0_axis_tuser[5]"/>
        <net name="staging_i/system_ila_0/inst/net_slot_0_axis_tuser[4]"/>
        <net name="staging_i/system_ila_0/inst/net_slot_0_axis_tuser[3]"/>
        <net name="staging_i/system_ila_0/inst/net_slot_0_axis_tuser[2]"/>
        <net name="staging_i/system_ila_0/inst/net_slot_0_axis_tuser[1]"/>
        <net name="staging_i/system_ila_0/inst/net_slot_0_axis_tuser[0]"/>
      </nets>
    </probe>
    <probe type="ila" busType="net" source="netlist" spec="ILA_V2_RT">
      <probeOptions Id="DebugProbeParams">
        <Option Id="CAPTURE_COMPARE_VALUE" value="eq1&apos;bX"/>
        <Option Id="COMPARE_VALUE.0" value="eq1&apos;bX"/>
        <Option Id="DISPLAY_AS_ENUM" value="1"/>
        <Option Id="DISPLAY_HINT" value=""/>
        <Option Id="DISPLAY_RADIX" value="HEX"/>
        <Option Id="DISPLAY_VISIBILITY" value=""/>
        <Option Id="HW_ILA" value="hw_ila_1"/>
        <Option Id="LINK_TO_WAVEFORM" value="1"/>
        <Option Id="MAP" value="probe6[0]"/>
        <Option Id="NAME.CUSTOM" value="slot_0 : axi_mcdma_0_M_AXIS_MM2S : TVALID"/>
        <Option Id="NAME.SELECT" value="Custom"/>
        <Option Id="SOURCE" value="netlist"/>
        <Option Id="TRIGGER_COMPARE_VALUE" value="eq1&apos;bX"/>
        <Option Id="WAVEFORM_STYLE" value="Digital"/>
      </probeOptions>
      <nets>
        <net name="staging_i/system_ila_0/inst/net_slot_0_axis_tvalid"/>
      </nets>
    </probe>
    <probe type="ila" busType="bus" source="netlist" spec="ILA_V2_RT">
      <probeOptions Id="DebugProbeParams">
        <Option Id="CAPTURE_COMPARE_VALUE" value="eq3&apos;hX"/>
        <Option Id="COMPARE_VALUE.0" value="eq3&apos;hX"/>
        <Option Id="DISPLAY_AS_ENUM" value="1"/>
        <Option Id="DISPLAY_HINT" value=""/>
        <Option Id="DISPLAY_RADIX" value="HEX"/>
        <Option Id="DISPLAY_VISIBILITY" value=""/>
        <Option Id="HW_ILA" value="hw_ila_1"/>
        <Option Id="LINK_TO_WAVEFORM" value="1"/>
        <Option Id="MAP" value="probe0[2:0]"/>
        <Option Id="NAME.CUSTOM" value="xlconcat_0_dout"/>
        <Option Id="NAME.SELECT" value="Custom"/>
        <Option Id="SOURCE" value="netlist"/>
        <Option Id="TRIGGER_COMPARE_VALUE" value="eq3&apos;hX"/>
        <Option Id="WAVEFORM_STYLE" value="Digital"/>
      </probeOptions>
      <nets>
        <net name="staging_i/system_ila_0/inst/probe0_1[2]"/>
        <net name="staging_i/system_ila_0/inst/probe0_1[1]"/>
        <net name="staging_i/system_ila_0/inst/probe0_1[0]"/>
      </nets>
    </probe>
  </probeset>
</hwsession>
